{"last_trained": 1763210581.4040585, "total_samples": 111, "acc": 0.9565217391304348, "precision": 0.9411764705882353, "recall": 1.0, "f1_score": 0.9696969696969697, "confusion_matrix": [[6, 1], [0, 16]], "TP": 16, "TN": 6, "FP": 1, "FN": 0, "mean": [81.06396496411163, 81.89739312912725, 82.7308212941428, 83.56424945915843, 84.36756856774915, 85.06396496415756, 85.80090190111711, 91.87050834961647, 100.650451450525, 109.49639739639214, 118.20654438541199, 126.78089241758444, 135.2933627826055, 137.7363215307705, 128.12276060142537, 118.43779142172043, 108.87581892291679, 99.35054628186849, 89.82527364082013, 80.30000099977178, 307.7423433421275, 270.0912290699981, 232.44011479786857, 194.78900052573917, 157.74314941155043, 125.67790522006035, 108.19132390190225, 91.40042774254611, 74.95737416259111, 58.51432058263609, 58.267663399128296, 74.21740261206781, 90.16714182500726, 107.19630256473847, 126.38430635805312, 143.07785780419164, 158.89549649543792, 174.49099199084966, 190.08648748626143, 205.68198298167323, 187.48738838730011, 172.7128506917522, 157.93831299620433, 143.16377530065623, 128.23380849179657, 112.68212522968943, 97.13044196758234, 92.33485164047731, 93.29141873390346, 94.80915225687473, 96.97529734929428, 99.78985401116213, 102.07553442838974, 101.88425894233747, 97.44423997591261, 93.00422100948771, 88.75936562768327, 84.56330114203384, 80.36723665638432, 76.17117217073488, 105.01801901801801, 105.29397918871489, 105.56993935941203, 105.84589953010892, 106.24561503508748, 106.01801901801825, 103.96396496396405, 101.97629308155511, 100.06543485490756, 98.22001048316726, 98.61877767140832, 101.2617364196303, 103.75106785633, 106.18160365528693, 108.69938459412067, 102.9981043665242, 94.66145192460868, 86.10763494973907, 77.55381797486955, 69.000001, 5.596102981981985], "std": [17.93479677722733, 15.368110953356792, 13.33607529499277, 12.110868919359033, 11.94123021950643, 12.8614866638598, 14.715259408104188, 14.401650291893656, 13.883550842906418, 14.698900675251634, 16.487381137182556, 19.186962702065557, 22.782726386549115, 23.725787383517428, 18.772582127438547, 15.308519153623912, 13.164361921963424, 14.279081488418592, 18.31251975377951, 23.82580652724476, 79.31685849452107, 68.08060384024313, 61.48399275225122, 61.04999820643806, 65.29460658188131, 69.59728694192039, 61.42405504018103, 55.85329563309181, 54.39298988038686, 58.61486554712044, 53.8758544959378, 37.73598461595419, 25.879626865099137, 23.198112944538813, 26.274360269285033, 24.16251371263695, 26.05414421753037, 34.50098070294397, 45.982082144866844, 58.744540632633814, 76.04881784595752, 64.02724636024229, 55.05436904661388, 50.77310826599319, 52.09557885359026, 57.62607321302329, 66.91294458816128, 64.46010036550881, 56.26687792076295, 50.12739383382046, 46.39238885242629, 45.31076180660833, 45.0977633977648, 44.36272357674889, 42.45958711984352, 43.68670628680125, 47.666067173742455, 53.49103718646639, 60.62063535036153, 68.64958173211167, 0.188975567237865, 1.1075415755767117, 2.3984344546333016, 3.689611022255612, 3.318685589866775, 3.0945166852520045, 3.350720416039666, 2.6703062720149275, 1.3370453766775539, 0.9746413414457415, 1.295004503982558, 1.0101059051045054, 0.6307079191673336, 2.1234612219148055, 3.736254617619578, 4.3320485087623535, 3.879146690361034, 2.586098126907356, 1.293049563453679, 1e-06, 0.8120649058594313], "scores": []}