{"last_trained": 1763194816.8342748, "total_samples": 109, "acc": 1.0, "precision": 1.0, "recall": 1.0, "f1_score": 1.0, "confusion_matrix": [[7, 0], [0, 15]], "TP": 15, "TN": 7, "FP": 0, "FN": 0, "mean": [69.76422118342472, 71.7255925016231, 73.68696381982146, 75.64833513801985, 77.60970645621818, 79.57107777441657, 81.53244909261493, 88.5274273639839, 98.03920911193828, 107.55099085989261, 117.06277260784692, 126.57455435580128, 136.08633610375557, 139.03157994731734, 128.84374798209387, 118.65591601687056, 108.46808405164711, 98.28025208642379, 88.09242012120038, 77.90458815597697, 272.56513861476094, 241.07045005850787, 209.57576150225484, 178.08107294600183, 146.58638438974884, 118.41868762490238, 100.2319662342756, 82.59637956116866, 65.23636024682165, 47.87634093247465, 50.12906908309876, 71.99454469869413, 93.86002031428943, 116.35074943061008, 140.0919855483816, 158.9454379868207, 176.16962919881584, 193.39382041081078, 210.61801162280588, 227.84220283480087, 152.7275239358208, 142.01897733996694, 131.31043074411306, 120.60188414825915, 109.89333755240521, 99.18479095655142, 88.47624436069748, 87.24408598308555, 90.75012171459463, 94.25615744610374, 98.40536072951642, 103.19773156483295, 107.9901024001494, 109.79348240979796, 105.61888076811064, 101.4442791264233, 97.26967748473598, 93.09507584304873, 88.92047420136136, 84.74587255967404, 105.000001, 105.42105363157879, 105.84210626315789, 106.2631588947367, 106.68421152631556, 106.47368521052654, 104.36842205263166, 102.2631588947367, 100.15789573684214, 98.05263257894727, 98.36842205263166, 101.1052641578949, 103.84210626315787, 106.57894836842112, 109.31579047368446, 103.52631678947347, 94.89473784210513, 86.2631588947367, 77.63157994736834, 69.000001, 5.652043935779818], "std": [9.319650980928087, 8.185377755154926, 7.557961998397431, 7.564590959502838, 8.203727776909012, 9.346503542533496, 10.834711494408447, 10.934355405688256, 12.649071427758143, 16.342322843499243, 20.994705282736987, 26.09822616447379, 31.43391150576599, 31.702383620460832, 22.17778351551156, 14.836245357295894, 13.77756942792985, 20.02438046044807, 29.216046071134652, 39.339878252654955, 50.501822887683545, 41.52132214024977, 35.264201608816805, 33.30263182725873, 36.33901908724577, 39.34370113680489, 31.95838744813366, 25.925565208285203, 21.730618454657833, 20.323955829618523, 19.256500914040977, 18.272932201728118, 20.550448688810118, 23.887770193697158, 26.416155891805126, 25.52729231093116, 29.496257942467473, 38.48500651002829, 49.8481908181437, 62.29982692858821, 61.89190272695901, 49.692052473908234, 38.528578750277504, 29.59833660692985, 25.37972679460547, 28.083062364208686, 36.18901913022977, 35.98968924986603, 31.20641386042125, 27.491720227173985, 24.13882707080834, 21.246803772442902, 20.480176415617127, 20.48851740868371, 22.651012322131567, 29.949193019635086, 39.64135151647236, 50.363837414017155, 61.58077840117569, 73.06480136074575, 1e-06, 1.0000001563194018e-06, 1e-06, 1.0000001278976924e-06, 1.0000002273736754e-06, 1.0000002273736754e-06, 1.0000000852651282e-06, 1.0000001421085471e-06, 1.0000000284217094e-06, 1.000000099475983e-06, 1.0000000852651282e-06, 1.0000001563194018e-06, 1.0000000142108547e-06, 1.0000000852651282e-06, 1.0000002557953848e-06, 1.0000002131628207e-06, 1.0000001421085471e-06, 1.0000001563194018e-06, 1.000000099475983e-06, 1e-06, 0.5992520995872421], "scores": []}