{"last_trained": 1763427407.2930949, "total_samples": 41, "acc": 0.8888888888888888, "precision": 1.0, "recall": 0.8571428571428571, "f1_score": 0.9230769230769231, "confusion_matrix": [[2, 0], [1, 6]], "TP": 6, "TN": 2, "FP": 0, "FN": 1, "mean": [82.10731807476988, 82.87689445451466, 83.64647083425943, 84.41604721400424, 85.21502025614434, 86.13157994786575, 87.04813963958718, 97.07766467179437, 111.7306813601085, 126.48421152721868, 141.2377416943288, 155.991271861439, 170.93312038532508, 176.23260690652143, 161.99627827997017, 147.75994965341883, 132.51360819011134, 117.01476351761478, 101.51591884511818, 86.0170741726216, 358.89024490171215, 315.0623886753147, 271.2345324489173, 227.40667622251985, 184.10487904624017, 148.0663681346623, 127.50500741577665, 112.72131036881545, 99.90475067763728, 85.70564926619029, 87.94711268127587, 106.629140922894, 127.49165696945904, 150.82336428673116, 176.18613707215476, 192.44184952388613, 202.14659920288534, 210.9725298831759, 219.7984605634665, 228.62439124375706, 221.53170832027146, 202.4756107590051, 183.41951319773875, 164.36341563647233, 145.30731807520604, 126.3025683958395, 107.45186236217263, 100.8535311683038, 100.38138739433391, 99.90924362036408, 103.01360819030262, 109.69448110414952, 116.37535401799644, 119.76996249002204, 116.59204207840502, 112.23260690422595, 107.4793334758596, 102.7260600474933, 97.97278661912698, 93.21951319076064, 104.04878148780487, 104.45956454300375, 104.87034759820283, 105.28113065340172, 105.94223463286268, 106.0372282143774, 104.28369804749686, 102.34018071758655, 100.30166980616173, 98.2631588947369, 98.54043745699622, 101.1335054929396, 103.7265735288832, 106.37869162901143, 109.1489098575096, 103.60077121822852, 95.21052731578955, 86.47368521052624, 77.7368431052631, 69.000001, 4.888483926829269], "std": [21.348107562056814, 19.839553240574194, 19.002411136703692, 18.92598650871299, 19.574259158494904, 20.735646431869196, 22.476663088480922, 22.935481038122713, 23.501526131658505, 24.956686616435288, 27.29787531449919, 30.32053923585255, 33.471225310285206, 32.98027692881486, 26.059822214211067, 22.079114416246274, 20.745208481725406, 22.840428144889472, 27.87011173249954, 34.57654671674539, 90.0138801594868, 71.46291346777451, 55.50092763554211, 44.9745875842008, 43.01200031286881, 44.715027030436104, 38.692168231461, 40.82467804418926, 46.045061736107606, 51.1534238700478, 51.19014206729932, 47.54193671762702, 50.98060423807208, 60.67186301817544, 73.18290488575782, 71.88971298668208, 54.740925745242066, 36.21782575069272, 25.476718433358563, 31.757925152661162, 102.4373594613693, 84.60951609450349, 67.72735629994193, 52.707554943773076, 41.61784338713659, 38.137595584876216, 44.31228097075816, 43.74082587222252, 40.7221395977252, 42.46195082921284, 44.99026828791667, 46.813841583087026, 50.84488193891349, 53.665402044357, 53.85640515037652, 51.92652003980223, 51.25793734613223, 53.90570869806973, 59.428203324214, 67.11954931223232, 6.0160414266618, 6.080991930593372, 6.1459424345249385, 6.210892938456508, 4.692674909056032, 2.76039741709178, 0.5358426574354639, 0.48712977948678376, 0.9093080550419974, 1.3314863305972124, 1.0879219408538199, 0.17861488581181953, 0.7306941692301766, 1.266535826665639, 1.055446688888034, 0.47089215350389213, 1.9972289958958152, 1.3314863305972124, 0.665743665298605, 1e-06, 0.9641126469079859], "scores": []}