{"last_trained": 1763189490.4493568, "total_samples": 116, "acc": 0.9583333333333334, "precision": 0.9523809523809523, "recall": 1.0, "f1_score": 0.975609756097561, "confusion_matrix": [[3, 1], [0, 20]], "TP": 20, "TN": 3, "FP": 1, "FN": 0, "mean": [67.18793203481033, 68.9619338496393, 70.73593566446826, 71.97345835042435, 73.13312259717662, 74.56697014703653, 76.11932949364284, 82.10735127220255, 90.33452913062285, 98.64246923950526, 106.81710626309635, 114.79056361337022, 122.76075417599083, 124.8362078964942, 115.0784492757735, 105.35490118136786, 95.54609900348167, 85.62649827750153, 75.2270427420866, 64.82758720667175, 264.6896561722211, 233.9232768619062, 203.21914800531098, 173.07527323219776, 142.66070880391806, 114.830173413764, 98.88393929402235, 84.36937486571289, 70.24069972960454, 56.141153450138766, 57.90258720695097, 75.52500100004126, 92.18997377680975, 109.47332223417013, 129.63684310532977, 148.01520063710132, 166.23775054636053, 184.68752368610512, 202.9980500019023, 221.2931044483722, 154.51379410333266, 141.74228775125977, 128.97078139918688, 116.27477413964856, 103.57246016504239, 89.72985580934345, 75.57944746091478, 72.83257813242216, 75.96324963876067, 79.80426597269799, 84.9682405643607, 90.69945653534188, 95.50626234299618, 97.84392114519898, 95.81188847732854, 93.92277776953061, 92.86075417606617, 91.84591751545116, 90.55485580947217, 89.26379410349324, 105.000001, 105.3575327604354, 105.70462894918333, 105.95780499274034, 106.17604455716851, 105.84301370417445, 103.68058176225054, 101.64882132667861, 99.72413893103447, 97.86206996551708, 98.35662531941931, 101.20780499274063, 103.81125326860256, 106.27041842286762, 108.7332133411981, 102.9473694210524, 94.62522786025394, 86.2386579872957, 77.63157994736834, 69.000001, 5.769337810344829], "std": [12.509178011954095, 10.945370302310812, 10.575924493737544, 8.40595449495961, 7.827256487520888, 8.42594747363786, 9.622208533635252, 9.469772421360995, 9.973770167113058, 11.86447339817362, 14.346862411555005, 17.533416820165808, 21.32813607728842, 22.305160343142983, 17.532877259073516, 13.848000911448162, 12.338017566405435, 13.77569412404682, 15.944552599661863, 19.933146097773594, 43.881440755945526, 35.85721122800998, 31.682248795649674, 34.264570572148976, 41.647684154023295, 44.00318083831494, 37.475697699196466, 32.35496056498181, 28.6661847356249, 27.56427961099669, 24.144010088107816, 22.73888423987266, 23.870597030228325, 27.50730675072927, 31.300327353368832, 28.132352940290186, 23.138675195277752, 21.412427543382755, 24.35441478647576, 30.39703671112406, 49.94393835693529, 42.30947847370134, 36.60672110560624, 33.93273460669083, 35.21166683661175, 36.47837133003049, 40.8109908286347, 38.77624640116711, 33.101089095826325, 28.27400842877658, 26.14877542278624, 26.250649153677745, 25.22963697480842, 22.31083096171022, 16.858968881603783, 18.021484048503602, 23.571977688696016, 31.64750865013028, 40.76620869129409, 50.3154445681376, 1e-06, 0.5059365988024623, 1.1077411065453306, 2.639193433329299, 4.0933926923802755, 4.508369709520862, 4.797250049200783, 4.216029482239663, 3.3599723999191493, 3.018915291353638, 2.334145858242836, 1.066892720754458, 0.47095851635386665, 1.9466813188048864, 3.6453870739746055, 4.250587424904583, 3.6645137767722242, 3.218872595866686, 1.7000737622890407, 1e-06, 0.7190906089951699], "scores": []}