{"last_trained": 1763431643.2113812, "total_samples": 204, "acc": 0.8048780487804879, "precision": 0.7714285714285715, "recall": 1.0, "f1_score": 0.8709677419354839, "confusion_matrix": [[6, 8], [0, 27]], "TP": 27, "TN": 6, "FP": 8, "FN": 0, "mean": [69.42941276438448, 71.12750357991479, 72.82559439544502, 74.52368521097533, 76.19930440628015, 77.77985136215517, 79.34484104244683, 85.88341173386603, 94.94009388029032, 104.04375745087718, 113.1821991432576, 122.3554189574314, 131.61238490160383, 134.14675022651667, 123.12425280624534, 112.00965012281625, 100.61511967883983, 89.15828273332328, 77.70144578780658, 66.24460884228994, 298.2774519809473, 262.10655414782076, 225.93565631469443, 189.764758481568, 154.26385548852295, 122.89989780000286, 104.88330853284462, 88.51754485911859, 73.14159026696602, 58.01223010209953, 59.44744682045185, 77.4472404220231, 95.58743650033298, 115.16684826484197, 137.4374880994312, 160.8421836618652, 184.56739006030006, 208.20848913154742, 231.84958820279485, 255.4906872740423, 182.8406872761168, 169.09239006220076, 155.34409284828482, 141.59579563436873, 127.8289225690518, 113.82110523124159, 99.31336529276115, 95.70165218637375, 97.65596075197601, 99.78728170149296, 102.90552215561854, 107.01068211435269, 110.74269965823076, 113.49966560253407, 114.80405156749548, 116.0482982135577, 117.50748294006765, 119.02541379659775, 120.54334465312775, 122.06127550965783, 104.61764805882353, 105.07043443653255, 105.52322081424127, 105.97600719195029, 106.43988748090808, 106.24742102064012, 104.18808149535572, 102.1648616811144, 100.15350977192998, 98.1328699370481, 98.44891740866849, 101.10165218679036, 103.77218882249721, 106.4783291733745, 109.2319411444789, 103.58462432301313, 95.05340657275548, 86.36893804850345, 77.68446952425172, 69.000001, 5.336561544117643], "std": [12.187921637969508, 10.948499900580517, 10.32394172700524, 10.42534422473639, 11.13163140868351, 12.115061147129671, 13.68560338746009, 13.350550901147923, 13.197643543588963, 14.42034619877776, 16.744015435263393, 19.7657895711766, 23.078431566331993, 23.69971919590852, 19.019474931941563, 15.409447581346098, 12.95725413438872, 12.403756172701602, 14.086270203986054, 17.366633428227388, 84.73053165443056, 73.0625561953777, 64.52592931358993, 60.461874806062326, 61.18168914611244, 62.52878735974411, 58.80534001851945, 53.95997420025563, 50.946153514022754, 52.41556526254711, 49.42619282702501, 42.75424637499101, 42.79369703564738, 46.65550652793727, 48.81027834380927, 42.492564664634884, 35.50983815613107, 33.473346701114295, 37.17269314147594, 45.22146759177328, 72.56077378143797, 60.15265741110237, 49.65029939062593, 42.49112851549017, 40.47566347876433, 43.12964977827136, 47.54325549130263, 45.6189370833685, 40.82860921514704, 39.24958968099498, 39.47011399378697, 40.811537532381635, 41.398537055540864, 39.317021015602414, 34.439706843130615, 34.722301064477705, 39.628449352637794, 47.3603801689434, 56.78854697460481, 67.20278543255777, 3.842600502193277, 3.4212514145508646, 3.111094890281265, 2.947444522698765, 2.4595727519774853, 2.2820719942888132, 2.4664559113465243, 1.969188952041346, 1.053687154744735, 0.7242678397787827, 0.712357923319584, 0.24250972783573427, 0.5723078256009136, 0.856387987004309, 0.7136568225035907, 0.5022585109305362, 1.3504574025837144, 0.9003052683891462, 0.4501531341945715, 1e-06, 0.8427938551373764], "scores": []}